ID,Year,Month,State_Name,Number_of_Deaths,Description_about_the_Cause_of_Death
1,2016,September,Alabama,421,"Alabama faced a significant challenge with a surge in cancer-related fatalities. The state mourned the loss of 400 lives and emphasized the importance of community support, early detection, and ongoing research to mitigate the impact of cancer on its residents."
2,2016,September,Alaska,250,"Alaska witnessed a notable increase in cancer-related deaths, highlighting the need for enhanced healthcare infrastructure. The state mourned the loss of 50 lives and committed to fostering a resilient healthcare system to address the complex challenges posed by cancer within its borders."
3,2016,September,Arizona,321,"Arizona grappled with a surge in cancer-related fatalities, prompting a comprehensive review of healthcare strategies. The loss of 320 lives underscored the need for increased investments in cancer research, treatment facilities, and community support."
4,2016,September,Arkansas,333,"Arkansas faced an increasing wave of cancer-related deaths, emphasizing the urgency of comprehensive healthcare strategies. The state mourned the loss of 180 lives and committed to fostering a resilient healthcare system to address the complex challenges posed by cancer within its borders."
5,2016,September,California,1246,"California faced a relentless wave of cancer-related challenges, resulting in the loss of 1350 lives. The state mobilized resources to advance cancer research, improve treatment options, and provide comprehensive support for individuals and families affected by cancer."
6,2016,September,Colorado,197,"The impact of various forms of cancer persisted in Colorado, resulting in the untimely loss of 240 lives. The state focused on promoting cancer awareness, early detection initiatives, and improving treatment accessibility to address the growing challenges posed by cancer within its communities."
7,2016,September,Connecticut,346,"Connecticut faced an escalating wave of cancer-related deaths, emphasizing the importance of increased research funding and healthcare infrastructure. The loss of 120 lives underscored the need for proactive measures to address the multifaceted challenges posed by cancer within the state."
8,2016,September,Delaware,568,"Delaware confronted a notable surge in cancer-related fatalities, emphasizing the importance of increased research funding and healthcare infrastructure. The loss of 60 lives underscored the need for proactive measures to address the multifaceted challenges posed by cancer within the state."
9,2016,September,Florida,3548,"Florida faced an increasing wave of cancer-related deaths, emphasizing the urgency of comprehensive healthcare strategies. The state mourned the loss of 800 lives and committed to fostering a resilient healthcare system to address the complex challenges posed by cancer within its borders."
10,2016,September,Georgia,123,"Georgia faced an increasing burden of cancer-related challenges, leading to the loss of 640 lives. The state emphasized the importance of community support, early detection, and ongoing research to mitigate the impact of cancer and improve the overall well-being of its residents."
11,2016,September,Hawaii,198,"Hawaii experienced a surge in cancer-related fatalities, prompting a comprehensive review of healthcare strategies. The loss of 80 lives underscored the need for increased investments in cancer research, treatment facilities, and community support to address the complex challenges posed by the disease."
12,2016,September,Idaho,176,"Idaho faced a significant rise in cancer-related deaths, prompting a collective effort to enhance cancer awareness and prevention programs. The loss of 70 lives highlighted the need for accessible healthcare services and community initiatives to combat the impact of cancer on residents."
13,2016,September,Illinois,145,A notable surge in cancer-related fatalities in Illinois prompted an intensified focus on medical research and treatment options. The loss of 450 lives underscored the need for comprehensive cancer prevention strategies and enhanced support systems for those affected by the disease.
14,2016,September,Indiana,678,"Indiana faced a significant rise in cancer-related deaths, prompting a collective commitment to improve healthcare infrastructure and research funding. The state mourned the loss of 220 lives and vowed to address the multifaceted challenges posed by cancer within its borders."
15,2016,September,Iowa,120,"Iowa mourned the loss of 100 lives due to the devastating impact of various forms of cancer. The community united in grief and resolved to intensify efforts in cancer research, prevention, and treatment to reduce the toll of this formidable disease on families and loved ones."
16,2016,September,Kansas,157,"Kansas faced a notable rise in cancer-related deaths, prompting a collective effort to enhance cancer awareness and prevention programs. The loss of 120 lives highlighted the need for accessible healthcare services and community initiatives to combat the impact of cancer on residents."
17,2016,September,Kentucky,146,"Kentucky confronted an escalating wave of cancer-related deaths, emphasizing the importance of increased research funding and healthcare infrastructure. The loss of 200 lives underscored the need for proactive measures to address the multifaceted challenges posed by cancer within the state."
18,2016,September,Louisiana,109,"Louisiana faced an increasing wave of cancer-related deaths, emphasizing the urgency of comprehensive healthcare strategies. The state mourned the loss of 280 lives and committed to fostering a resilient healthcare system to address the complex challenges posed by cancer within its borders."
19,2016,September,Maine,679,"Maine confronted a notable surge in cancer-related fatalities, emphasizing the importance of increased research funding and healthcare infrastructure. The loss of 50 lives underscored the need for proactive measures to address the multifaceted challenges posed by cancer within the state."
20,2016,September,Maryland,135,"Maryland grappled with a surge in cancer-related fatalities, prompting a comprehensive review of healthcare strategies. The loss of 320 lives underscored the need for increased investments in cancer research, treatment facilities, and community support."
21,2016,September,Massachusetts,380,"Massachusetts faced an increasing wave of cancer-related deaths, emphasizing the urgency of comprehensive healthcare strategies. The state mourned the loss of 180 lives and committed to fostering a resilient healthcare system to address the complex challenges posed by cancer within its borders."
22,2016,September,Michigan,478,"A significant increase in cancer-related deaths in Michigan highlighted the importance of advancing medical research and treatment options. The state mourned the loss of 310 lives and pledged to strengthen efforts in cancer prevention, early detection, and patient care to confront the challenges posed by this formidable disease."
23,2016,September,Minnesota,832,"Minnesota faced a significant rise in cancer-related deaths, prompting a collective effort to enhance cancer awareness and prevention programs. The loss of 130 lives highlighted the need for accessible healthcare services and community initiatives to combat the impact of cancer on residents."
24,2016,September,Mississippi,182,"Mississippi confronted an escalating wave of cancer-related deaths, emphasizing the importance of increased research funding and healthcare infrastructure. The loss of 160 lives underscored the need for proactive measures to address the multifaceted challenges posed by cancer within the state."
25,2016,September,Missouri,764,"Missouri faced an increasing wave of cancer-related deaths, emphasizing the urgency of comprehensive healthcare strategies. The state mourned the loss of 240 lives and committed to fostering a resilient healthcare system to address the complex challenges posed by cancer within its borders."
26,2016,September,Montana,246,"Montana confronted a notable surge in cancer-related fatalities, emphasizing the importance of increased research funding and healthcare infrastructure. The loss of 60 lives underscored the need for proactive measures to address the multifaceted challenges posed by cancer within the state."
27,2016,September,Nebraska,90,"Nebraska faced a significant rise in cancer-related deaths, prompting a collective effort to enhance cancer awareness and prevention programs. The loss of 90 lives highlighted the need for accessible healthcare services and community initiatives to combat the impact of cancer on residents."
28,2016,September,Nevada,355,"Nevada faced a significant rise in cancer-related deaths, prompting a concerted effort to address the challenges posed by the disease. The state mourned the loss of 310 lives and committed to advancing cancer research, prevention, and treatment to improve outcomes for individuals and families affected by cancer."
29,2016,September,New Hampshire,756,"New Hampshire faced a notable surge in cancer-related fatalities, emphasizing the importance of increased research funding and healthcare infrastructure. The loss of 70 lives underscored the need for proactive measures to address the multifaceted challenges posed by cancer within the state."
30,2016,September,New Jersey,332,"New Jersey faced an increasing wave of cancer-related deaths, emphasizing the urgency of comprehensive healthcare strategies. The state mourned the loss of 280 lives and committed to fostering a resilient healthcare system to address the complex challenges posed by cancer within its borders."
31,2016,September,New Mexico,234,"New Mexico confronted a notable surge in cancer-related fatalities, emphasizing the importance of increased research funding and healthcare infrastructure. The loss of 80 lives underscored the need for proactive measures to address the multifaceted challenges posed by cancer within the state."
32,2016,September,New York,890,"New York faced a relentless wave of cancer-related challenges, resulting in the loss of 650 lives. The state mobilized resources to advance cancer research, improve treatment options, and provide comprehensive support for individuals and families affected by cancer."
33,2016,September,North Carolina,198,"North Carolina faced an increasing wave of cancer-related deaths, emphasizing the urgency of comprehensive healthcare strategies. The state mourned the loss of 410 lives and committed to fostering a resilient healthcare system to address the complex challenges posed by cancer within its borders."
34,2016,September,North Dakota,354,"North Dakota confronted a notable surge in cancer-related fatalities, emphasizing the importance of increased research funding and healthcare infrastructure. The loss of 40 lives underscored the need for proactive measures to address the multifaceted challenges posed by cancer within the state."
35,2016,September,Ohio,675,"Ohio faced an increasing wave of cancer-related deaths, emphasizing the urgency of comprehensive healthcare strategies. The state mourned the loss of 580 lives and committed to fostering a resilient healthcare system to address the complex challenges posed by cancer within its borders."
36,2016,September,Oklahoma,236,"Oklahoma faced a notable surge in cancer-related fatalities, emphasizing the importance of increased research funding and healthcare infrastructure. The loss of 170 lives underscored the need for proactive measures to address the multifaceted challenges posed by cancer within the state."
37,2016,September,Oregon,764,"Oregon grappled with a surge in cancer-related fatalities, prompting a comprehensive review of healthcare strategies. The loss of 180 lives underscored the need for increased investments in cancer research, treatment facilities, and community support."
38,2016,September,Pennsylvania,357,"A significant increase in cancer-related deaths in Pennsylvania highlighted the importance of advancing medical research and treatment options. The state mourned the loss of 460 lives and pledged to strengthen efforts in cancer prevention, early detection, and patient care to confront the challenges posed by this formidable disease."
39,2016,September,Rhode Island,654,"Rhode Island faced a significant rise in cancer-related deaths, prompting a collective effort to enhance cancer awareness and prevention programs. The loss of 60 lives highlighted the need for accessible healthcare services and community initiatives to combat the impact of cancer on residents."
40,2016,September,South Carolina,764,"South Carolina faced a significant rise in cancer-related deaths, prompting a collective effort to enhance cancer awareness and prevention programs. The loss of 300 lives highlighted the need for accessible healthcare services and community initiatives to combat the impact of cancer on residents."
41,2016,September,South Dakota,95,"South Dakota faced a notable surge in cancer-related fatalities, emphasizing the importance of increased research funding and healthcare infrastructure. The loss of 40 lives underscored the need for proactive measures to address the multifaceted challenges posed by cancer within the state."
42,2016,September,Tennessee,489,"Tennessee faced an increasing wave of cancer-related deaths, emphasizing the urgency of comprehensive healthcare strategies. The state mourned the loss of 370 lives."
